i,0
,T4B 0J6
,T4B 2X2
,T4B 0P9
,T4B 0L5
,T4A 1L9
,T4B 4V7
,T4B 0Y4
,T4B 4H6
,T4B 4B4
,T4B 3A6
,T4B 5E4
,T4B 0E3
,T4B 3Y6
,T4B 5A7
,T4B 0M6
,T4A 0M8
,T4B 4G7
,T4A 0R3
,T4B 2Z8
,T4A 0W8
,T4B 0T5
,T4B 5C6
,T4B 3R3
,T4B 4K3
,T4B 2V7
,T4B 1N4
,T4B 4J8
,T4A 0A8
,T4B 2H1
,T4B 2C6
,T4B 2S7
,T1S 0C4
,T0L 1T0
,T4X 0H5
,T4X 0G7
,T4X 1R6
,T4X 1C4
,T4X 0G9
,T4X 1T8
,T4X 0G9
,T4X 1W4
,T4X 0G9
,T4X 2Z6
,T0M 0G0
,T0L 0H0
,T4M 0K3
,T0M 0J0
,T9N 2J8
,T9N 2P1
,T9N 2P1
,T9N 2K8
,T9N 2R3
,
,T1R 0A6
,
,T1R 0V4
,T1R 1C4
,T1R 1K6
,T1R 0N6
,T0B 0S0
,T0B 0S0
,T3C 0W1
,T2T 0W4
,T2R 0M3
,T2G 4X3
,T2P 0T7
,T2M 0K9
,T3K 0S6
,T2E 4Z5
,T2N 3Z3
,T2G 1E1
,T2R 0N6
,T2T 2K2
,T2S 0M5
,T3B 3R6
,T3M 2P8
,T2K 0T3
,T2W 3E5
,T3N 0A5
,T1Y 6R3
,T2S 2N5
,T2V 5A1
,T2E 5A3
,T2W 0K1
,T2T 6K6
,T2W 4H2
,T3R 0N1
,T2T 1C9
,T2V 1B3
,T2H 2G4
,T2V 0K7
,T2V 2Y3
,T3E 6K4
,T2A 5W8
,T3M 1M4
,T2N 3Y6
,T2M 0L6
,T2M 4A4
,T3M 2N9
,T3E 7C5
,T2V 4Z3
,T3K 6E7
,T2N 3J6
,T3B 0E7
,T2S 1H3
,T2S 0J8
,T2P 2S6
,T1V 1M3
,T2N 4R3
,T3E 6B8
,T3B 6L5
,T2L 1M5
,T2E 2T1
,T4B 0M6
,T2E 0W9
,T3M 2C3
,T3G 0K3
,T2L 2J8
,T3L 0C5
,T2L 1W1
,T3J 4J2
,T3P 1R5
,T3K 0V8
,T3J 4J2
,T3M 2P9
,T3M 0Z4
,T3M 2P9
,T3C 1G7
,T2Z 5E1
,T3M 2P9
,T3N 1B5
,T2Y 4V4
,T3L 0A3
,T3E 1H2
,T2K 4B4
,T3A 2L7
,T3R 0T3
,T2W 1H6
,T2Z 5C9
,T1V 1M3
,T3E 3C3
,T2W 2J6
,T2X 4K9
,T3P 1N7
,T2Z 0P1
,T2X 0T9
,T2L 1L7
,T2K 1A2
,T3K 0S6
,T3L 0H4
,T3G 0C8
,T2Y 4N8
,T2X 0W8
,T2H 2V2
,T2K 4R3
,T2A 0Y8
,T3M 0T2
,T3K 5E2
,T3K 0A2
,T3B 3A7
,T3K 4B5
,T2A 6N7
,T2A 1N3
,T2X 1T1
,T3E 6L5
,T2M 4B7
,T3K 4G7
,T1Y 6S1
,T2A 3V7
,T2Y 1W1
,T0L 0X0
,T3N 1A8
,T3M 2N9
,T1Y 5V5
,T3J 0E9
,T3N 1B5
,T2E 2K5
,T2Z 5C9
,T2M 1E2
,T2J 7A4
,T2K 1H4
,T3B 5W5
,T3C 2S7
,T2M 2G4
,T3B 6K3
,T3A 6G8
,T2V 1P3
,T2A 7A7
,T2B 0A3
,T3K 6C2
,T4B 2T4
,T2A 4V6
,T3B 0H3
,T2Y 0L5
,T2Z 3V8
,T2V 5B8
,T2N 3T4
,T3M 2V6
,T3K 4Y9
,T1V 1M3
,T2C 3R6
,T3N 0B1
,T3B 2L9
,T3H 5G4
,T1Y 5B4
,T3J 5N1
,T3R 0R6
,T2T 1E7
,T3P 0J9
,T3R 1C5
,T3C 1C6
,T2Z 1E5
,T3K 0V6
,T3P 1N7
,T2Y 3J2
,T3R 0H6
,T2T 3T9
,T3K 0L9
,T2K 1T6
,T2W 4M2
,T3J 4Z1
,T2M 1J2
,T3C 1S2
,T3P 1G3
,T3G 5G9
,T3J 5N1
,T2W 0W5
,T2A 6X7
,T2H 0Y1
,T3P 1Y3
,T3L 2T5
,T3K 0S6
,
,T2E 3J6
,T4B 2T4
,T3C 1C6
,T3M 0N1
,T3P 1N7
,T3K 4H7
,T3G 4X3
,T3A 0Y6
,T2X 0W8
,T2C 3B7
,T2Z 5C9
,T3B 1G5
,T2Y 2W9
,T2X 2E2
,T2X 0G2
,T3J 0E9
,T3N 1A8
,T3M 2P9
,T3E 5K1
,T3N 1A8
,T3J 4L4
,T3H 2H4
,T3R 1J1
,T2M 1E2
,T2N 2V7
,T3N 0G3
,T3G 0C1
,T3J 0J2
,T3H 5B1
,T2X 0N4
,T2X 1Z7
,T2X 0T9
,T3M 2P9
,T2X 0V5
,T2Y 0R6
,T3J 0Z7
,T2Z 3T3
,T2E 8P3
,T2Z 4Y2
,T3G 4M4
,T3R 1V4
,T3E 2K7
,T3R 0T3
,T3M 0T2
,T2K 1A8
,T3P 1R5
,T2X 2K4
,T3B 0H8
,T3H 2T7
,T3J 0J2
,T3R 0B3
,T2A 7Y6
,T3M 1T8
,T2E 5H2
,T2X 0T9
,T2X 1Z3
,T2Z 5C9
,T2M 2H8
,T3M 0A6
,T2Z 0W1
,T1Y 2G2
,T3L 0E3
,
,T1Y 7G9
,T3K 6J8
,T3M 1E9
,T3R 0S4
,T2V 2W5
,T2E 4P3
,T2T 2Y5
,T2K 3K5
,T2K 2K2
,T2Z 1V6
,T3C 1X6
,T3E 5G3
,T2Y 4V1
,T3G 3N6
,T3G 2S2
,T3N 1A8
,T3E 4G9
,T3H 3M9
,T2J 3K9
,T3C 2K4
,T2E 3M4
,T2Z 0G4
,T2E 2N3
,T3H 3A3
,T2B 2A6
,T2G 0Z2
,T3R 0H6
,T2T 2E9
,T3C 1T2
,T3E 4P6
,T3A 2X3
,T1Y 2Y4
,T3P 1C6
,T3H 5P2
,
,T3K 4M1
,T2J 0P5
,T2B 2P6
,T3P 0J9
,T3H 5M9
,T2K 1J5
,
,T2W 1G8
,T3P 1R5
,T2X 2L5
,T3K 4G4
,T3J 0E9
,T2Z 0V3
,T2A 0S3
,
,T3K 1C5
,T3H 2W4
,T2L 1A7
,T2L 1H9
,T3M 1J9
,T3R 0J1
,T3V 1M4
,T2V 2C4
,T3E 6V6
,T3E 7J7
,T2B 2P2
,T2B 2E1
,T2G 0T5
,T2Z 2P9
,T3H 2E8
,T2Z 0W1
,T2W 5R4
,T3A 5Z5
,T3A 5R8
,T3K 4V5
,T2K 4Z9
,T3M 1P5
,T2Y 0E7
,T2L 0A2
,T3J 4Z1
,T3K 4W4
,T3K 1G1
,T2Y 3N6
,T2B 1N1
,T3B 0J4
,T2X 0G2
,T2X 1L7
,T2K 0M1
,T2W 3E5
,T2A 7Y7
,T3J 3E5
,T2W 0R7
,T3K 2C5
,T3M 2C3
,T3A 5K1
,T2L 4C4
,T2A 4X7
,T2A 2K2
,T2Y 4P7
,T2X 0W8
,T3K 1W4
,T2K 6E7
,T2M 4K4
,T2N 1C3
,T3R 1R8
,T4B 2T4
,T3R 0R6
,T3H 5G4
,T2X 0T9
,T2X 3B8
,T2X 0E5
,T2Y 0R6
,T3L 1H6
,T2B 2V9
,T2E 6V5
,T2Y 3C7
,T2Y 2B4
,T3L 2J9
,T2C 5H9
,T3A 1M4
,T3M 0P7
,T2C 1T2
,T2L 1A1
,T3M 1S4
,T3P 5H2
,
,T2N 0W7
,T2Z 4G6
,T2V 0K7
,T3H 0R8
,T3P 0J9
,
,T3J 4L1
,T2Y 2X3
,T2Y 3C7
,T2M 2H8
,T3G 1C5
,T3H 5X8
,T2X 0T9
,T2T 2V6
,T2Y 2Z7
,T3H 0J5
,T1V 1M3
,T2X 3S5
,T2E 6M8
,T3J 4L1
,T2J 0A2
,T3A 4S1
,T2G 4T9
,T2N 4Y1
,T3G 2V7
,T2C 1T2
,T3K 3J9
,T3C 3T9
,T2J 4M5
,T2N 3H3
,T3E 1W4
,T3H 0L6
,T3N 1M7
,T1Y 4E8
,T3H 0M9
,T2Y 4P6
,T3H 3M3
,T2K 1N9
,T3L 2C7
,T2L 1Y2
,T3R 1A6
,T3M 0S8
,T2Y 4Z9
,T2Z 3S7
,T3A 0H7
,T3M 1T4
,T2L 0R3
,T1Y 2V5
,T2J 2X6
,T3A 5K6
,T1Y 6Z8
,T3M 0A5
,T2Z 3L4
,T3R 0E8
,T1Y 4S3
,T2Z 2G7
,T3H 5G3
,T2E 6C3
,T2N 3L4
,T3G 4B8
,T3K 4C3
,T2Y 4Y1
,T3M 2N9
,T2B 1N3
,T2X 3P3
,T2Z 1N4
,T3H 0G2
,T3L 0H4
,T3H 3R9
,T2S 3H3
,T3A 4W9
,T3G 2B3
,T2J 1K6
,T3G 5E8
,T3H 3S8
,T2K 5X3
,T2A 2X4
,T2E 6S5
,T2X 1P8
,T3G 4M9
,T2Y 0R6
,T3H 0M8
,T3A 5H7
,T3L 2T4
,T3K 3M6
,T2E 1G3
,T3M 1E9
,T3A 1R7
,T2A 2P5
,T3J 3E6
,T3A 6A7
,T2G 1N7
,T3G 2S9
,T2J 3J1
,T2K 5C5
,T2L 0S1
,T3K 4J3
,T2C 0R3
,T2A 1N3
,T3G 4L3
,T2A 4T8
,T3J 4J2
,T3K 0M8
,T2A 7R5
,T3H 6B1
,T2A 5Z7
,T2A 7M2
,T2X 0M7
,T3E 2K7
,T3N 0X4
,T3K 0S2
,T2W 3E5
,T1Y 1L6
,T2N 3W2
,T3H 4X2
,T3A 6J2
,T2J 6G2
,T3G 0C3
,T3E 0R6
,T2W 4W9
,T3H 0A8
,T2Y 2Z3
,
,T2Z 4N6
,T2A 0S3
,T2W 2J6
,T2A 7R3
,T2T 2S9
,T3K 0T7
,T2V 4V7
,T2Z 3K1
,T3H 2Z7
,T1Y 7G9
,T2J 6E6
,T2X 0V5
,T3A 6G8
,T2N 1N7
,T3K 5K3
,T3H 3S6
,T1Y 5N9
,T2K 1L1
,
,T3A 1V5
,T3B 2J8
,T3H 4Y7
,T2W 5C9
,T2Z 1K2
,T3M 0S9
,T2E 7T8
,T3K 5X5
,T2C 3R6
,T2X 4K9
,T2C 3B7
,T2X 3J2
,
,T3K 5P5
,T3B 6G1
,T2W 4N4
,T3H 1S6
,T2J 3V3
,T2K 2A3
,T3G 2T3
,T3G 3R8
,T3C 0A6
,T3H 3P8
,T3M 0T2
,T3E 5R0
,T3K 6J5
,T2A 2X4
,T3P 1G3
,T3A 5R3
,T2J 7C6
,
,T2Y 0K6
,T3E 7H7
,T2X 1L7
,T2Z 4E6
,T2V 0L1
,T2W 5V3
,T3H 1L4
,T2J 0C9
,T3L 2A8
,T3L 2N6
,T3H 5R1
,T3J 5N1
,T2G 3R4
,T3G 5B2
,T2Z 3X1
,T1Y 5N4
,T2X 3S5
,T3L 1E4
,T2W 2H7
,T3A 2C8
,T2G 1R6
,T2Z 4G6
,T3A 3S8
,T2N 0L9
,
,T3R 0P3
,T1Y 6P3
,T2X 0T9
,T3K 3Y9
,T3M 2V6
,T2G 4M9
,T3A 5K1
,T3Z 3M5
,T3Z 2W3
,T2X 3S5
,T2X 2B9
,T2J 2Y6
,T3G 4K5
,T2Z 3T3
,T2X 0W8
,T2J 2T8
,T2Y 4A9
,T2Z 0P1
,T2Z 1N4
,T3A 2X7
,T2C 5E1
,T3C 0A1
,T2L 1B4
,T2J 0R9
,T3A 6K5
,T3J 0T8
,T2B 3V7
,
,T3J 3Y8
,T3P 0M9
,T3H 3J1
,T3E 6M5
,T2J 6P8
,T2G 1C4
,T2H 0X6
,T2X 3L9
,T4B 2A3
,T3Z 2G7
,T2J 1Y9
,T3B 2S6
,T3B 3H1
,T3Z 3M5
,T2J 4C6
,T2W 4A6
,T3B 2X2
,T3H 3W8
,T3B 5W5
,T2J 5G5
,T2C 1H2
,T2J 6S7
,T2Z 3K1
,T4V 4T1
,T4V 0J9
,T4V 1P9
,T4V 4N5
,T4V 2Z3
,T4V 4L4
,T1W 2V3
,T1W 3L8
,T1W 2L7
,T1W 3M6
,T1W 2X2
,
,T1X 1L6
,T1X 1L6
,T1X 0B4
,T1X 0K5
,T1X 0R9
,T1X 0B4
,T1X 1L8
,T1X 0J9
,T1X 1C1
,T1X 0S1
,T1X 1L6
,T1X 1B2
,T1X 0V3
,T1X 0C2
,T1X 1E1
,T4C 0Y5
,T0L 0W3
,T4C 0N8
,
,T4C 0Y5
,T4C 0V9
,T4C 2L8
,T4C 0Y5
,T4C 0T9
,T4C 0T9
,T4C 2C5
,T4C 2C3
,T4C 2K8
,T4C 0T3
,T4C 0T9
,T4C 0T9
,T4C 0Z8
,T4C 2M8
,
,T4C 2M8
,T4C 0Y5
,T4C 1M1
,T9M 1P3
,T9M 0L6
,T0M 0S0
,T0M 0S0
,T0K 0M0
,T2X 0W8
,T0J 0Y4
,T0J 0Y1
,T0J 0Y6
,T0J 0A1
,T5H 4L4
,T6G 0V5
,T5J 3T2
,T5N 0L9
,T5K 0L4
,T5N 0M3
,T6E 2A6
,T6J 5V6
,T6H 0K4
,T5A 3T1
,T5A 4L4
,T5E 2V2
,T6J 6L7
,T5H 3J7
,T5G 0E1
,T5G 0B7
,T5B 0R9
,T5L 0Z9
,T5B 1G1
,T6C 1T8
,T5B 2C9
,T5A 5G4
,T5H 3C5
,T6W 3Y9
,T6W 2Z8
,T5P 0W3
,T6W 3Y9
,T5T 5X7
,T6X 1V3
,T5R 1C6
,T6E 3Z5
,T5X 4L9
,T5H 0K7
,T5P 4W1
,T5Y 3N4
,T5L 4G4
,T6E 2E7
,T5K 1T6
,T6X 0M8
,T6W 0N5
,T5K 2E9
,T6H 0L3
,T5H 4E2
,T6W 0C8
,T5A 1Y3
,T5T 2B1
,T6K 1H7
,T6W 1A2
,T5R 4H5
,T5H 3P5
,T5E 6H7
,T6J 3Z9
,T6B 2X3
,T6G 0Z1
,T6X 2H9
,T5Y 0S4
,T6H 4C6
,T5A 2W7
,T5A 5A9
,T5E 6N3
,T5H 2W1
,T6E 0Z6
,T6M 0M4
,T5C 2A7
,T5P 0M3
,T5H 0H8
,T5E 3Y4
,T5R 4K7
,T6L 6S7
,T6W 1A4
,T6T 2R2
,T6G 2T6
,T5J 0N3
,T6W 3R8
,T5T 5R5
,T6H 3N8
,T6W 0N5
,T5T 4S2
,T6H 1N1
,T5N 1L8
,T6W 1A5
,T6C 2N8
,T5T 0W5
,T5H 3T2
,T5X 4X4
,T6M 0M4
,T5Y 2L6
,T5T 7K2
,T5B 2C5
,T6W 1A7
,T5S 2S7
,T6X 1A2
,T6R 0W6
,T6H 2V5
,T5Y 0S8
,T6W 3L7
,T6R 0P3
,T6H 5T5
,T6T 0A5
,T5T 5X8
,
,T5A 0B4
,T6J 5J8
,T6G 1J7
,T6R 3L6
,T5R 4T4
,T5T 6Z8
,T5W 3N2
,T6M 0M4
,T6J 5E0
,T6X 2Z7
,T5Y 0S8
,T5X 1Y7
,T6R 0X1
,T6B 0E7
,T7X 3Y3
,T5N 2N8
,T5Y 2K4
,T5A 5B4
,T5Y 2V4
,T6R 0E9
,T6M 2P6
,T6W 2N7
,T6W 0W8
,T6B 3R8
,T5T 6X3
,T5G 2P9
,T5G 0M1
,T5Z 3R4
,T6C 1B5
,T6G 1Z2
,T6T 1K3
,T6M 2P6
,T5X 4M6
,T6C 1B5
,T6V 0C9
,T5A 0V5
,T5Y 3N1
,T6W 3J4
,T5H 2N2
,T5Y 0S8
,T6X 2A1
,T6W 3L7
,T6X 0G3
,T6W 1A4
,T6W 4H3
,T6T 0R2
,T6X 2N1
,T6W 1A3
,T5H 4P4
,T6X 1A2
,T6J 4T6
,T6E 0Z6
,T6X 0K8
,T6W 4J4
,T6W 2N7
,T5A 4R6
,T6W 3G9
,T5G 1Z1
,T5T 1K8
,T5Y 0E8
,T6J 1T4
,T5Y 2L6
,T5E 4W3
,T5M 1V4
,T6W 4Z9
,T6W 0X6
,T5R 5A4
,T6A 0J1
,T5Y 2L6
,T5B 0A1
,T5N 1J9
,T6W 4Z9
,T5T 4K2
,T5L 1J3
,T5T 3K1
,T6T 1J2
,T5T 6Z8
,T6B 0P4
,T5E 0Y2
,T5X 4H7
,T6A 3G4
,T6L 7B9
,T6J 0C9
,T5P 0S3
,T6X 0E4
,T5N 0C5
,T6X 2W7
,T6A 0G9
,T6X 0M8
,T6M 0J3
,T6J 2G8
,T6A 1G3
,T5Y 0L4
,T5X 3A9
,T6R 0R9
,T5Z 3R4
,T6J 7J7
,T5M 0V4
,T6E 1E8
,T5Y 3B5
,T6W 3J4
,T5K 0Z8
,T5R 3E6
,T5T 4B7
,T6K 2V7
,T6J 5E0
,T5W 1A4
,T5P 4W7
,T6W 3L7
,T6X 2E6
,T6M 2P6
,T6R 2W8
,T5Z 2Z1
,T6K 4A9
,T6G 0G1
,T5M 2W1
,T5T 3T9
,T6W 3L7
,T5W 0X9
,T6W 0C8
,T6X 0Z4
,T5L 0Y4
,T5P 3Z5
,T5T 2P1
,T6E 3Z5
,T5N 3N7
,T5L 5C3
,T6C 2N1
,T5E 3G7
,T5C 1Y2
,T6V 0C9
,T5A 5G8
,T6V 0C5
,T6R 2L4
,T5Z 3X1
,T5W 3P6
,T6B 2X3
,T6R 3L6
,T6B 1Z3
,T6T 2C1
,T6M 0J3
,T6J 7J7
,T6H 0V7
,T6T 0T3
,T6X 0S8
,T6V 1J6
,T6R 0W6
,T5G 2Y2
,T6M 2P6
,T6M 2P6
,T5E 4V6
,T5Y 0T3
,T6W 3G4
,T5B 3W4
,T5W 4W6
,T5H 4E2
,T6H 4P3
,T5Z 3P1
,T5E 6E2
,T5R 1B6
,T6X 0Z5
,T6T 0J4
,T5P 0A4
,T6W 4Z9
,T5A 1P3
,T6T 1G7
,T5E 4W3
,T6W 2N4
,T5E 5E4
,T5Y 2B6
,T5L 5H1
,T5E 2N7
,T6L 3J6
,T5E 5N1
,T5A 3M9
,T5Y 0S8
,T5S 0K5
,T5Y 3N1
,T6T 0R7
,T5Y 2B9
,T5E 2V6
,T5W 4C2
,T5H 2N2
,T6E 5H6
,T5X 2R2
,T5G 2M1
,T6G 2C4
,T5N 2J6
,T6L 6E4
,T6X 0H9
,T6K 3Y9
,T5A 3M9
,T6W 3G9
,T5Y 0S4
,T6W 0R7
,T6J 2B8
,T6R 0E9
,T5T 6H1
,T5Z 2V4
,T6K 3L4
,T6G 1T5
,T5T 1X1
,T5X 5X3
,T5M 0J2
,T6J 0C9
,T6W 1A3
,T6C 2X8
,T5S 0L7
,T6J 2C1
,T5R 3Y1
,T6L 2N7
,T6J 0S1
,T6W 0L8
,T6L 5C3
,T6X 1X2
,T5C 0R9
,T6M 2P6
,T6T 2J5
,T5S 2S7
,T6W 3L7
,T6W 1P4
,T6R 0P3
,T5M 2W1
,T6L 5Y4
,T6C 3T7
,T6T 0N9
,T6A 3X4
,T5E 4G6
,T6V 1C1
,T5N 2V3
,T6L 4J5
,T6W 0X6
,T5P 1P1
,T5E 6E2
,T6X 2N1
,T6E 0G7
,T5X 0C7
,T6K 3S6
,T5E 2N7
,T5C 3E5
,T6B 0L1
,T6A 3X4
,T5A 4X1
,T5R 5W4
,T6T 0R7
,T6M 2P3
,T6T 1J1
,T5R 1Z5
,T6W 1S4
,T5R 4K7
,T6M 0J3
,T6A 1X4
,T5T 2Y5
,T5Z 2V4
,T5W 4J2
,T6V 1S7
,T5X 6C3
,T6W 0L8
,T6J 4V9
,T6H 1R4
,T6V 0M4
,T6R 2L4
,T5P 4X4
,T6L 5X2
,T5Z 2V4
,T6W 4Z9
,T5R 0Y4
,T6J 0R4
,T5B 1V9
,T5T 4J5
,T6H 4E5
,T6K 1Y9
,T6W 2Z4
,T6K 4C3
,T5W 1Y7
,T5R 3K9
,T6M 2P6
,T5C 1C2
,T6W 3Y9
,T5W 3N2
,T5S 0M6
,T6L 1P5
,T6E 0G7
,T6J 0R5
,T6V 1J7
,T6K 4C3
,T6X 0C5
,T5T 5T7
,T6J 7J4
,T5C 3E5
,T6J 1E8
,T6M 2Z7
,T5X 4X4
,T5T 4S2
,T5N 0N7
,T5T 7C6
,T6E 1E8
,T6L 6P7
,T6R 0R9
,T5B 0J5
,T5T 6N2
,T7E 1H7
,T7E 1C2
,T7E 1H7
,T7E 1L9
,T9K 1S6
,T9H 4R7
,T9H 4A3
,T9H 2J8
,T9H 5A9
,T9J 1G9
,T9J 1G9
,T9H 5B8
,T9H 2G4
,T9J 1G9
,T9H 5A5
,T9K 0J7
,T9K 2W6
,T9K 0J7
,T9K 2S1
,T9H 5A8
,T9K 1S6
,T9K 0R2
,T9K 0J7
,T9K 0Z5
,T9K 0L7
,T9K 1Y8
,T9H 3E1
,T8L 4N2
,T8L 3Y1
,T8L 4N2
,T8L 2C1
,T8L 4M1
,T8L 0G7
,T8L 3T1
,T8L 0C5
,T8L 2P3
,T8L 0W9
,T8L 2M6
,T8L 4P5
,T8L 0C5
,T8L 4P4
,T8V 6X3
,T8V 4H1
,T8V 6V3
,T8V 4B1
,T8V 3S6
,T8V 6R1
,T8V 8H6
,T8W 1H1
,T1V 1N5
,T1V 2C4
,T1V 1E3
,T1V 1M6
,T1V 0G8
,T4G 1S1
,T4L 2E5
,T4L 2E5
,T9E 1J5
,
,T9E 0E8
,T9E 6X3
,T9E 0S3
,T9E 1E1
,T9E 8E2
,T9E 6X9
,T9E 0J5
,T9E 0S3
,T9E 8C4
,T9E 6T2
,T9E 7J1
,T9E 0J5
,T9E 0J2
,T9E 6N4
,T9E 0J5
,T9E 7J9
,T1K 6Z3
,T1J 4N6
,T1K 2X4
,T1K 6X4
,T1J 1V4
,T1J 2P5
,T1H 5B3
,T1K 7R1
,T1J 3C6
,T1K 7X9
,T1K 4J4
,T1K 0C5
,T1H 3S7
,T1K 6X4
,T1J 5C9
,T1J 4B4
,T1H 1W4
,T1K 2R2
,T1K 7N7
,T1J 4T3
,T1H 6Z4
,T1K 7T1
,T1K 5J9
,T1J 0G1
,T1K 2P8
,T1H 4G2
,T1H 4E6
,T1C 1H4
,T1B 2S3
,T1A 8W2
,T1B 3W1
,T1A 5R6
,T1B 2H2
,T1B 2Y5
,T1B 2Y5
,T1C 1C3
,T1B 3W1
,T1B 3S9
,T1A 0L3
,T1B 3W1
,T1A 7C2
,T1B 1J3
,T8R 0A3
,T8R 0B5
,T8R 1R2
,T6X 1A2
,T1S 2N7
,T1S 2N7
,T1S 2B5
,T1S 2M4
,T1S 2N7
,T1S 2N7
,T1S 2N7
,T1S 2N7
,T1S 2N7
,T1S 1G8
,T1S 2N7
,T4H 1S2
,T4H 1W4
,T8S 1R4
,T8S 1R6
,T4J 1J8
,T4J 1H7
,
,T4N 6S4
,T4R 0S3
,T4N 4M6
,T4N 3N9
,T4R 3H3
,T4N 1X4
,T4N 6R9
,T4R 1N9
,T4P 0E4
,T4N 4R7
,T4P 3E9
,T4R 2H2
,T4P 3Y6
,T4R 3N7
,T4N 4M6
,T4N 7C1
,T4R 0T1
,T4N 0H6
,T4S 2E8
,T4N 5V1
,T4R 3J5
,T4N 2L6
,T4N 6H3
,T4R 3J5
,T4N 5J9
,T4R 3H3
,T4N 4R7
,T4N 4R7
,T4N 0H6
,T4N 3V4
,T4P 3V5
,T4P 0M9
,T4P 3V5
,T4R 1M4
,T4P 2J4
,T3Z 2G7
,T4B 4T6
,T3Z 2G7
,T1J 5C9
,T8A 0X2
,T8A 2G6
,T8H 2G8
,T8H 0Z9
,T8A 4T7
,T8B 1B8
,T8A 4X6
,T8A 4X6
,T8H 0K9
,T8A 4V5
,T8H 0P1
,T8H 1X1
,T8H 1S9
,T8A 4L7
,T8A 0B5
,T8C 1C3
,T8H 2X5
,T8A 3K1
,T8H 0P1
,T0G 2A4
,T7X 0T3
,T7X 0Y5
,T7X 2Z3
,T7X 0M6
,T7X 2G6
,T7X 0A5
,T7X 0T9
,T7X 4P5
,T7X 0B2
,T7X 0C8
,T7X 2Y3
,T7X 3A6
,T7X 0T1
,T8N 4K6
,T8N 7E9
,T8N 6S2
,T8N 2S7
,T8N 7X1
,T8N 0W5
,T8N 7B6
,T8N 5A7
,T8N 7B6
,T8N 0N6
,T8N 0W5
,T8N 1L5
,T8N 3X9
,T8N 0R4
,T8N 5C9
,T8N 2G7
,T8N 3V4
,T8N 7B6
,T0A 3A0
,T0A 3A1
,T7Z 1X8
,T7Z 1R4
,T7Z 1G2
,T7Z 1P6
,T7Z 1R3
,T7Z 0C4
,T7Z 0G6
,
,T1P 1H3
,
,T1P 1H8
,T1P 1K2
,T1P 1H3
,T1P 1R7
,T1P 1H8
,
,T0M 1X0
,T4S 1S3
,T4S 0A9
,T4S 0E1
,T4S 2N9
,T4S 0E1
,T4S 1H5
,T9W 1E2
,T9W 1K4
,
,T7P 2G6
,T9A 3R2
,T9A 1X6
,T9A 1X6
,T9A 0S3
,T9A 1V7
,T9A 2X7
,T9A 1A5
,T7S 0A2
,V2S 1P7
,V2S 3S4
,V2S 5N7
,V2T 5P3
,V2S 8C6
,V2T 4E9
,V2T 3V5
,V2T 1C3
,V5H 4R2
,V5A 4X6
,V3J 7W9
,V3N 3H7
,V5B 3G2
,V3N 4S5
,V5A 1C9
,V5C 3Z6
,V5H 4V6
,V5E 0A8
,V5H 3L7
,V5J 1B7
,V5C 5Z3
,V5C 0E5
,V5A 4H1
,V3M 4X1
,V5C 4R2
,V9W 6R4
,V9W 1C4
,V9W 1S4
,V9W 1B7
,V2P 7K6
,V2R 4H1
,V2R 6B6
,V2R 5Z5
,V9C 0J6
,V9M 3P9
,V3J 2W4
,V3K 0E2
,V3H 1A2
,V3K 0A0
,V3K 0A9
,V3K 1P9
,V3J 4E7
,V3B 2H6
,V9N 3N9
,V9N 2K7
,V9N 3L3
,V1C 1Z6
,V1G 3W3
,V1G 2B8
,V4C 0C8
,V9L 4C1
,V9L 3R3
,V9L 1V3
,V9L 1N8
,V0E 1M7
,V0C 1R0
,V0C 1R0
,V1J 0E9
,V1J 5L6
,V1J 6V5
,V1J 1X4
,V1J 4C3
,V1J 3Z1
,V0A 1H0
,V0N 1G0
,V0B 2L0
,V2C 4E7
,V2C 6S6
,V2B 7H5
,V2B 3T6
,V1S 1S9
,V2C 1N7
,V1V 1Y0
,V1Y 8K9
,V1W 3E9
,V1Y 9Z7
,V1Y 1Z9
,V1Y 4X8
,V1V 3E9
,V1X 6A0
,V1Y 6C2
,V1Z 4E1
,V1V 2C2
,V1Y 9S9
,V4T 2G2
,V1W 3E9
,V1Y 3H3
,V1Z 2X1
,V1Y 6R6
,V1V 1Z6
,V1W 3X7
,V1V 2C2
,V1Y 4X8
,V1V 3C4
,V1W 1X3
,V1Y 2M8
,V1Z 2X1
,V1W 5L1
,V1X 7K5
,V1V 2C2
,V1W 4W4
,V8C 1V4
,V9G 1T9
,V9G 1V1
,V4V 2M2
,V4V 1X2
,V9B 5C8
,V9B 2X9
,V9B 3R0
,V1M 2Y5
,V3A 3V9
,V2Y 0J7
,V3A 8P5
,V2Y 2B2
,V3A 9H1
,V2Y 0E7
,V1M 3A5
,V3A 8G3
,V2X 6L4
,V2X 3J5
,V2V 6M7
,V2V 2N7
,V9V 1A8
,V9T 4T0
,V9S 0B4
,V9T 5R1
,V9R 5H0
,V9R 1Z3
,V9S 1K9
,V9S 5L0
,V9R 2R4
,V9R 3K9
,V9S 3W5
,V9S 5G1
,V9T 3L2
,V9T 2W8
,V9V 1P6
,V9T 1W6
,V9T 6B3
,V9T 6J4
,V9T 3H6
,V9R 1P0
,V9R 6L1
,V9S 5L6
,V9S 3N3
,V9T 6L4
,V3L 3V9
,V3M 4J6
,V3L 1G7
,V3M 3P6
,V3M 2M9
,V3M 4X1
,V3L 3X6
,V3M 6B9
,V3M 1K4
,T2B 1N3
,T3L 0A3
,T3G 5H6
,T4B 2T4
,T2Z 4G6
,T3B 3A4
,T3L 0C5
,T2H 2J6
,T2K 5S8
,T2W 0K1
,T3L 3C2
,T2N 3Z9
,V9P 2H5
,V9P 1K3
,V2A 6A2
,V2A 4V3
,V2A 7L1
,V2A 2H4
,V9Y 5G8
,V3C 2M8
,V3H 1V2
,V3J 7P9
,V2N 7A1
,V2M 1R7
,V2L 2Z1
,V2M 5K7
,V2L 1M1
,V2M 1R7
,V2L 4V7
,V2N 2T4
,V6Y
,V7A 1G3
,V7E 2Z4
,V6Y
,V7A 2W5
,V6X
,V7C 4X4
,V6X
,V6Y
,V6Y
,V8X 1G4
,V9Z 1J2
,V8B 0P7
,V0H 1Z5
,V3T 1C7
,V3R 1J8
,V3W 5A4
,V3V 4G9
,V3R 7C1
,V3S 2N2
,V3V 0C2
,V3T 0N2
,V3T 2Z0
,V3T 5E3
,V3S 1V3
,V3S 5B2
,V0C 2K0
,V4M 0B2
,V6G
,V6H
,V6B
,V5N
,V6A
,V6G 2T1
,V6P
,V6P
,V5S 0C6
,V6E 1M7
,V6J
,V5N
,V6T
,V6A
,V6M
,V5K
,V6J
,V6K
,V5P
,V6E
,V5S
,V6H
,V5R
,V6J
,V5V
,V5Z
,V6K
,V6B 2L3
,V6J
,V6T
,V6R
,V6C
,V5Z
,V6J
,V5R
,V5T
,V7T 2N8
,V6R
,V5Y
,V5T
,V5P
,V6R
,V1B 3R4
,V1H 1A1
,V1T 9E5
,V8Z 1B8
,V8T 1G6
,V9A 5V5
,V8T 5K3
,V8T 1G1
,V8V 3A3
,V8V 3M8
,V9A 2A0
,V9A 3K9
,V8V 1W9
,V9B 0H5
,V8V 1Z5
,V9A 3P9
,V8V 2N9
,V8R 0A0
,V9A 4G4
,V8P 2P7
,V8W 1S3
,V9B 6C6
,V9B 6A2
,V9B 1L8
,V9A 5S7
,V8S 1V9
,V9C 0R2
,V9A 4N5
,V8N 1E6
,V9A 3Y9
,V8T 1W6
,V8T 3J4
,V9B 1H2
,V8T 3J4
,V9B 4H2
,V9B 3V3
,
,V4T 3K7
,V4T 3L3
,V4T 2H9
,V1Z 2G6
,V7V 1K3
,V7T 1A9
,V4B 3R2
,R0E 0C0
,R0A 0C0
,R7A 7Y4
,R7B 4G5
,R3K 1T6
,R0A 0T0
,R0A 1E0
,R1N 3V6
,R1N 0B4
,R1N 1K8
,R5A 1A4
,R1A 1B7
,R1A 1B7
,R1A 1P4
,R1A 1B7
,R5G 1G8
,R5G 2R1
,R8N 0C8
,R8N 0C8
,R4A 5A3
,R4A 5A3
,R3K 1T6
,R3C 1J7
,R3Y 2C3
,R3T 6G5
,R2V 1R7
,R3P 1H1
,R3T 2J2
,R2V 1R7
,R3J 0Z3
,R3T 5S7
,R3C 0E7
,R2R 2E2
,R2C 4M4
,R3Y 0V8
,R3Y 2G3
,R3T 4Z7
,R2V 4J6
,R3B 1L1
,R3T 6G5
,R3Y 1S3
,R3T 2A1
,R2M 3P5
,R2T 4C4
,R2Y 0H4
,R3J 3S4
,R2C 3C6
,R3T 5S9
,R3J 3W5
,R2M 4W3
,R2N 1R1
,R2V 3S5
,R3V 1B3
,R2V 4T6
,R3X 0N3
,R2G 4J4
,R2G 1W5
,R3M 2A6
,R2P 0X9
,R3L 1X1
,R2V 4T6
,R2Y 0N9
,R2M 3C3
,R3A 0B3
,R2G 1L8
,R2V 2V7
,R2V 4T8
,R2V 2V7
,R3L 0G8
,R3T 2G8
,R3Y 2C3
,R2P 0L1
,R2K 1H5
,R3M 2N6
,R3K 1T6
,R3M 2J8
,R3Y 2G3
,R3R 0G9
,R3B 0H4
,R3P 2J1
,R3L 1G4
,R3Y 0V8
,R2K 2M6
,R2W 0A3
,R3G 0G6
,R3T 3M2
,R2H 0V5
,R2G 1P1
,R2K 3S8
,R3G 2A7
,R2V 2T7
,R3T 6A5
,R2N 0A3
,R3J 3E5
,R2P 2W7
,R2K 1R2
,R2J 3R7
,R3J 0E8
,R3P 1J9
,R2V 4J6
,R3X 0N3
,R3W 0H6
,R0A 0X0
,R3K 0W4
,R2V 4H8
,R3L 0X7
,R3M 3P7
,R3T 2G2
,R3R 0E3
,R2C 4Y1
,E1A 1G2
,E1C 7W8
,E1C 2T9
,E2J 2X9
,A1A 0N9
,A1A 2G9
,A1E 6J9
,A1E 1S3
,A1B 1W4
,B4B 2N7
,B4B 0Y1
,B4B 0M3
,B3M 0P1
,B4V 2K7
,B0V 1A0
,B1A 4W5
,B3K 5X5
,B2W 4M6
,B3L 4E1
,B3B 1B7
,B3K 4G2
,B3A 2K9
,B3H 4S7
,B3S 0G5
,B3M 0A5
,B3S 1T1
,B3P 1N6
,B3J 2H1
,B3K 1C9
,B3J 1A2
,B3S 1E2
,B3S 1T5
,B3L 2J6
,B3A 1T9
,B2Y 2Y3
,B4C 2P7
,B3J 1S5
,B3A 3M1
,B3R 1E4
,B3T 0G9
,B3H 4P6
,B3A 4E6
,B2Y 4W7
,B2X 1M1
,B3A 4S8
,X1A 1T4
,X1A 2Z1
,X1A 2A7
,X1A 0B3
,X1A 2A7
,X1A 0E2
,L1S 2H6
,L1S 4S4
,L1Z 0G7
,L1X 2S9
,L1T 2Z8
,L1T 4K8
,L1T 4N1
,L1S 7N6
,L1T 0J0
,L1Z 0H6
,K7N 1S9
,K7N 1B7
,L9G 5E3
,L4G 2R9
,L4G 5H2
,N0B 1E0
,L4N 2G5
,L4M 3X9
,L4M 6E5
,L4M 2E2
,L4M 4H5
,L4M 5A0
,L4M 1A3
,L4N 6K9
,L4N 5G4
,L4N 1G3
,L4M 5A1
,L4M 4R4
,L4N 9J2
,L4N 6B9
,L4N 9N7
,L4N 6A3
,L4M 7J3
,L4N 9T2
,L4M 1L3
,L4N 9M9
,L4N 6K9
,L4M 1K8
,L9J 0G7
,L4N 8V3
,K8P 0H2
,K8P 5N3
,K8N 4Z4
,L6P 0A2
,L1C 5J6
,L1C 4J1
,L3Z 2B3
,L3Z 2B3
,
,L6W 1V1
,L6T 4W2
,L6W 2E1
,L6T 1B4
,L6T 2C9
,L6T 1V6
,L6X 1R2
,L6T 4E9
,L6V 4A3
,L6Y 6H1
,L7A 3K7
,L6X 2H6
,L6R 3C3
,L6S 2P2
,L6V 2R4
,L6X 5L5
,L6T 2N8
,L6Z 4L5
,L6V 2X9
,L6S 4C4
,L7A 3K7
,L6P 1A1
,L6V 1C2
,L6X 1N9
,L6V 1X4
,L6Y 2R2
,L6Y 4C8
,L6X 5A9
,L6S 1V8
,L7A 2Z7
,L7A 4R8
,L6X 5L3
,L6R 1A2
,L7A 3L3
,L6Z 1X9
,L7A 0J2
,L6X 5A5
,L6X 2L5
,L6X 0W5
,L6X 1X1
,L7A 3Z7
,L6S 3E3
,L6Y 5J8
,L7A 4R8
,L6T 2E4
,L7A 0G2
,L7A 2G8
,L7A 4R8
,L6V 4P3
,N3R 7K8
,N3T 1C1
,N3S 4V1
,N3T 5W4
,N3R 4J9
,N3R 4L1
,N3S 3M8
,N3T 3N4
,L3T 5L5
,N3R 7J2
,N3T 3J7
,N3R 3T5
,N3S 1E7
,N3T 0K4
,N3T 5L7
,N3S 5M2
,N0B 1M0
,N0B 1M0
,K6V 7A4
,K6V 1R4
,L7T 3Z7
,L7L 1M4
,L7R 2X2
,L7R 1J2
,L7L 5N3
,L7S 1X2
,L7R 3M2
,
,L7P 3N8
,L7N 3G7
,L7R 2C8
,L7T 1E8
,L7R 3X4
,L7M 4B6
,L7T 1E5
,L7L 1C7
,L7R 1K8
,L7C 4C6
,L7C 2B6
,N1R 8K5
,N1R 8R3
,N3H 3M4
,N3H 3G2
,N1R 3G9
,N1R 7H9
,N1R 5H6
,N3C 3P4
,N1S 1X2
,N3H 3M9
,N1R 1W5
,N1S 3H1
,N1T 0B9
,N1R 2J3
,N3C 1L6
,K7C 0B8
,K7C 0L1
,N7M 3H1
,N7L 1G9
,N7L 5L2
,N7L 2L4
,N7M 1A1
,N7L 1R8
,N7L 4X3
,N7M 5K8
,N7M 3J9
,N7L 1B4
,N7M 2H6
,L1B 1G9
,L9Y 3H1
,L9Y 2J4
,K6K 1A3
,K6H 7M8
,K6J 0B3
,K6H 5Z8
,K0J 1P0
,L0G 1M0
,L9N 1C5
,M4B 1C5
,M1L 1V6
,M4K 3W3
,M1L 2V8
,M4B 2T8
,M4B 2A6
,M4C 2Z7
,M4C 2Z1
,M6M 2L7
,N1M 2R3
,N1M 2Y7
,N1M 2G5
,L0S 1B0
,L4P 2W6
,L4P 4A3
,K1T 4H4
,K1T 1A2
,K1J 9L3
,K1J 8W6
,K1B 4K6
,P1P 1K8
,L3M 1S6
,N1H 7H8
,N1H 5Y8
,N1E 0H9
,N1H 1B2
,N1H 5H8
,N1G 2X6
,N1E 0S5
,N1E 6K9
,N1L 0A6
,N1H 7G1
,N1H 4G7
,N1H 8N9
,N1H 7Y5
,N1L 1R3
,L8R 2L9
,L8P 4W7
,L8S 1H5
,L8N 3J5
,L8P 3A9
,L8N 1H9
,L8S 1A5
,L8P 4Y8
,L9H 0A8
,L8P 2G8
,L8L 2A6
,L8L 6Y7
,L8H 6R7
,L8H 5W9
,L8K 3W7
,L8K 5J3
,L8R 0A6
,L8S 2H2
,L9A 1B7
,L8S 3L8
,L9C 3A3
,L8M 1K2
,L8T 4A5
,L8N 3L1
,L8T 4M9
,L8H 2V4
,L8G 1J3
,L8B 0T7
,L8L 6A1
,L8M 1H2
,L8T 3G1
,L8V 2S3
,L8W 3A5
,L8S 1X1
,L8K 1C5
,L9C 1Y6
,L8G 5G3
,L9C 2K6
,L8K 6N1
,L9A 3M8
,N4N 2S8
,N4N 1G7
,P1H 1C2
,L9S 4B2
,K2T 0G6
,K2M 0E9
,K2T 0A4
,K2L 3W6
,K2K 1G7
,K2L 4H8
,K7M 7E6
,K7M 9G6
,K7M 4Y3
,K7K 0C8
,K7M 3E9
,K7L 0C3
,K7K 5B4
,K7L 5N4
,K7M 1B9
,K7K 4M3
,K7L 2C4
,K7K 4P9
,K7M 3G1
,K7M 8H3
,K7M 3G2
,K7M 0K1
,K7M 9E3
,K7K 5Y3
,K7M 4X4
,K7M 2R2
,K7L 3X8
,K7M 3H4
,K7K 6Z5
,K7P 2V3
,K7M 5K8
,N2R 0L3
,N2A 3Z2
,N2N 3G9
,N2G 1A3
,N2G 3C5
,N2M 3B4
,N2P 2A4
,N2M 3C5
,N2E 1B4
,N2M 3Y9
,N2C 1G5
,N2B 1E3
,N2P 2C2
,N2A 3Z1
,N2C 2L8
,N2G 1R4
,N2R 0N1
,N2C 2S2
,N2E 2P3
,N2E 4A1
,N2B 1L9
,N2J 1X5
,N2G 2A2
,N2E 2M6
,N2M 1B2
,N2M 5P6
,N2K 3W8
,H8R 3C3
,H8P 1B3
,H8N 3E4
,N8H 3C2
,K9V 4Y5
,K9V 3L1
,N4W 2B4
,N6H 5L6
,N6A 1Y6
,N6B 2B3
,N6H 1G3
,N6G 4X6
,N6A 3K6
,N6J 1G8
,N6K 3C2
,N5Y 4K6
,N5V 4S6
,N5V 2E3
,N6J 0A3
,N6J 2M6
,N5Y 4P7
,N6P 1P6
,N6H 5L3
,N5Z 3W6
,N6G 2V4
,N6H 4G6
,N6C 1T7
,N6J 1G8
,N6L 1J9
,N6G 5C7
,N6G 2H5
,N5Y 2N1
,N6H 4N6
,N5X 2G2
,N6C 4R4
,N5Y 4Y1
,N6C 5A6
,N6B 1H8
,N5Z 3J1
,N6J 2M6
,N6B 2N5
,N6P 1T8
,N5Z 1V5
,N6C 4Y7
,N6J 2K5
,N6C 2S4
,N5Z 1E6
,N6A 5J9
,N6H 4V6
,N5V 2A2
,N6G 0L8
,N6E 3N4
,N5Z 3J1
,N6G 1R6
,N6M 1K7
,N5X 2S7
,N6A 2R5
,N6G 0E2
,N6G 0R9
,N6P 0B6
,N5X 4K6
,N6J 2J8
,N5W 4R9
,N6G 0G1
,N6E 3M2
,N5W 3A3
,N5W 3C6
,N5X 0C4
,N6L 0B6
,N6G 0R9
,N6G 3A7
,N6G 0W8
,N6G 5L4
,N6G 0W8
,N5V 4Y7
,N0M 2J0
,L3T 2K7
,L4J 3M9
,L3T 2E5
,L6B 0T2
,L3T 3L3
,L6E 0K3
,L3S 3K5
,L9T 1Y4
,L9T 3Z3
,L9T 7Z3
,L9T 7V8
,L9T 6N7
,L9T 8M4
,L5N 4E8
,L5A 3W9
,L5M 1G3
,L4T 2N7
,L5J 3Z8
,L5G 3H2
,L4Y 2N6
,L5A 1A2
,M6P
,L4X 1S5
,M9C 1R1
,L4T 2R3
,L5J 2Y4
,L5B 1N7
,L5H 2E8
,L5A 1V1
,M9C 1Y9
,L5E 1E9
,L5N 1V1
,L5V 1B9
,L5B 1B8
,L5K 1M1
,L5L 5Z7
,L5J 4S8
,L5B 4C4
,L7L 3A2
,L4Y 3H7
,L5C 4G4
,L5N 6R7
,L4Z 3K3
,L5B 0H7
,L5C 1Y5
,L5V 2V7
,L5L 2B1
,L5M 7M4
,L5B 3K6
,L5L 2W7
,L5B 4M6
,L4Z 4G9
,L5C 1J5
,L5K 1P9
,L4Z 3N7
,N0G 2L3
,L3Y 5W1
,L3Y 2Y7
,L3X 1H8
,L2J 2K5
,L2E 6C8
,L2J 3L6
,L2J 2Z9
,L2G 2K6
,L2G 4S1
,L2E 7E3
,L2H 0Z2
,L2G 4L2
,L2G 7B7
,L2H 0Z2
,L2G 1S9
,L2J 2Y5
,L0S 1J0
,L2E 6T2
,P1A 1X5
,P1B 7S7
,M3N 2X9
,M2K 1J3
,M1R 1T1
,M3K 1W3
,M4A 2B1
,M3N 1N3
,M2R 1K1
,M3A 3R3
,M9N 1X4
,M3B 3H2
,M3H 1S8
,M2Z 3C1
,M2J 4Y4
,M3H 5R2
,M6A 1Z9
,M2R 1Y8
,M2N 3R7
,M3H 2X5
,M2M 3W5
,M3N 1T3
,M6A 2C7
,M6L 1L3
,M2J 1M4
,M3K 0A5
,M3H 2K2
,M2M 1A2
,M2J 4A4
,M1R 3A9
,M3A 3R2
,M3K 0C2
,L6H 3P1
,L6J 1R1
,L6K 3E1
,L6K 2E2
,L6L 6L9
,L6L 1T4
,L6J 3J3
,L6K 1A5
,L6K 3B3
,L6H 7B8
,L6H 1Z5
,L6H 7C5
,L6H 6M3
,L6L 2P6
,L6M 1S4
,L6H 5X5
,L6M 4Z2
,L6M 3G3
,L6M 2Z4
,L9W 3J8
,L9W 3R4
,L3V 5G9
,L3V 3B9
,L3V 0A8
,L1J 1Y4
,L1G 7T1
,L1G 1L6
,L1H 4H5
,L1G 0A2
,L1G 3R5
,L1J 5J3
,L1L 0R1
,L1J 2K0
,L1K 7K0
,L1G 7T7
,L1L 0R1
,L1J 1P5
,L1K 0A2
,L1H 5J8
,L1G 4W1
,L1J 0A8
,L1L 0R1
,L1H 3S6
,L1G 2A7
,L1H 8B2
,L1L 1C4
,L1K 0P7
,L1H 8S1
,L1J 7V1
,K2G 0B1
,K1N 5Z4
,K2P 0C2
,K1S 5P4
,K1R 1C5
,K1L 7Y9
,K1S 3J7
,K1R 6R1
,K1Z 6P7
,K1Z 6B9
,K1S 2N1
,K1Y 0A2
,K2B 7T2
,K1Z 5K9
,K1G 3T7
,K4A 4C4
,K1Y 2Z6
,K1Y 4M2
,K2A 0G6
,K1G 1H7
,K1N 8Y3
,K2P 2G8
,K1K 0M9
,K1K 4S3
,K1Z 7K6
,K1P 6B9
,K1A 0Y9
,K2G 3N5
,K1G 2H7
,K1S 5W3
,K1S 5R2
,K2G 4C6
,K1V 6A6
,K1N 6N5
,K1R 6A2
,J8X 2K1
,K1K 3Y7
,K2A 4C9
,K2B 6Z9
,K2A 1P6
,K1K 4S5
,K1G 3P4
,K1K 2Z6
,K2H 1B2
,K4A 3P7
,K4A 4J4
,K2K 1L1
,K2C 0W7
,K2H 7A1
,K1H 8K5
,K1M 1M2
,K2A 0R3
,K2G 6S9
,K2H 8Y8
,K1V 0X3
,K1K 4E6
,K2V 0C6
,K2T 1H7
,K2B 8E4
,K1N 8P4
,K2B 7Z9
,K1J 8M0
,K1G 3P8
,K1H 6P8
,K1V 9S2
,L1K 0C8
,K1Z 8A2
,K2J 6S4
,K2J 6L9
,K2B 6S1
,K4A 3W6
,K1H 7Z2
,K1C 1G5
,K1H 6N2
,K2C 4G3
,K1L 6P5
,K2C 1H2
,K1W 1K3
,K1T 1B3
,K1K 1L8
,K2C 0W7
,K1V 6W2
,K1V 8S8
,K1N 9N4
,K4M 0B9
,K1G 3T5
,K1V 6V8
,K2G 7B3
,K1W 0N2
,K2K 2X3
,K1R 6K7
,K1C 2J4
,N4K 6H6
,N4K 5R4
,N3L 2M2
,L0S 1E0
,L9M 1K6
,K9J 5Y3
,K9H 1H1
,K9J 3R8
,K9J 3G8
,L1V 0A5
,L1V 1G2
,L1X 2S9
,L1V 1R9
,L1V 2B8
,L1X 1V4
,L1W 3R4
,L1W 1V6
,L1V 1E3
,L3K 4E2
,N0H 2C0
,N0H 2C1
,N0H 2C2
,K0K 1P0
,L4C 5E2
,L4C 7A1
,L4E 4W2
,N0P 2C0
,N5R 3P1
,N5P 4C4
,N7T 5V4
,N7V 2A9
,N7V 1X5
,N7S 5A2
,N7T 3C5
,N7S 0C3
,N7T 7S3
,N7T 4V8
,N7S 3Y1
,N7T 8E1
,N7S 6E9
,N7S 5A1
,N7S 3Y5
,P6A 5R4
,P6A 3T4
,P6A 3S2
,P6B 1L4
,P6B 5E6
,M1E 3J5
,M1M 2Z8
,M1P 1V6
,M1H 3B4
,M1E 4E6
,M1K 2Z9
,M1E 2R4
,M1N 2T6
,M1H 1X9
,M1J 2C8
,M4C 1M1
,M1C 2P5
,M1B 0C2
,M1P 4M2
,M1P 2L9
,M1P 4N4
,M1L 4R6
,M1S 5A8
,M1K 4G4
,M1B 2X2
,L2T 3J7
,L2N 2H7
,L2N 6N8
,L2P 3M6
,L2P 2X4
,L2M 3X2
,L2R 5V4
,L2P 2S7
,L2N 2T1
,L2N 3Y8
,L2P 3T7
,L2R 7C2
,L2P 3T7
,L2R 3N2
,L2S 1L5
,L2M 7S5
,L8E 2H3
,L8E 0J7
,L8J 2H9
,L8E 5M8
,N5A 6C9
,N5A 3J6
,N7G 1X7
,N7G 4G5
,P3E 1C9
,P0M 1B0
,P3C 5L8
,N8N 2M4
,N8N 1X6
,L2N 1G8
,L2V 3Y7
,L2V 1A8
,L3B 5N5
,L2V 5E9
,P7A 7Y4
,P7E 2L8
,P7B 2A3
,N0P 2L0
,N4G 4G8
,N4G 1B5
,P4N 7Z7
,M5V 0E7
,M6E 4M2
,M4M 2R9
,M4Y 2P2
,M4P 2L5
,M5B 1G7
,M5A 3C4
,M6P
,M4V 2G9
,M6B 4J3
,M6B 2A2
,M5R 3B6
,M3B 1X7
,K4A 1W9
,M5S 3M2
,M4T 2B4
,M8X 2A3
,M5R 2B1
,M2J 5H3
,M5A 1E3
,M4P 2H5
,M5V 2A4
,M6K 1X4
,M1L 3Z3
,M6G 3B7
,M6K 2J2
,M6K 0E3
,M5N 1B9
,M4X 1G9
,M6N 5G4
,M2N 7N1
,M9R 1K8
,M4N 1X2
,M8W 3G7
,M9V 2C9
,M6C 4B3
,M4S 1C2
,M8Z 3C6
,M2N 6T3
,M1B 2W2
,M1N 3P1
,M6A 2R1
,M6E 3B5
,M6C 1B6
,M5S 1B2
,M5T 2V5
,M4V 1X2
,M9V 3R4
,M8Z 5K7
,M4V 2K5
,M1W 2Y2
,M9B 2E4
,M5V 1J1
,M5H 4E3
,M9C 4Z6
,M5N 2E5
,M5W 1C5
,M8X 2M6
,M4K 2R6
,M9P 3A9
,M6N
,M5R 3H7
,M6L 1P3
,M4E 2V6
,M5R 1X9
,M2R 1Z9
,M6C 2C5
,M8V 1K5
,M4P 1P1
,M5P 1A3
,M4L 1S6
,M3M 0B2
,M3A 1C6
,M9R 3T9
,M9P 3M7
,M1K 5H6
,M3C 2Z2
,M6S
,M1M 3R2
,M9V 5C7
,M6R 1A6
,M3B 3K8
,M2R 2C1
,M3C 2C3
,M3N 1J4
,M2L 2J2
,M5A 2E7
,M8X 1N1
,M6E 1Y2
,M6H 1C5
,M5M 3A3
,M1K 2Z9
,M4K 1E5
,M4A 2K7
,M5N 2R1
,M1L 4H4
,M6J 1Y5
,M6C 2X4
,L4J 2L1
,M1E 5B3
,M1N 1S2
,M5R 2R6
,M2R 3K2
,M1G 1G8
,M2N 1N5
,M9R 3C8
,M4N 0A3
,M9W 2A4
,M6N
,M6M 2E6
,M4C 1T4
,M9R 2K5
,M3C 3P5
,M1W 2S2
,M4M 3H9
,M6E 2W3
,M9N 1K2
,M6B 3S7
,M4J 1J6
,M3A 1Z0
,M6R 2M8
,M8V 1C5
,M6S
,M4G 3J9
,M8V 1L8
,M1K 2L5
,M6E 3K4
,M1T 3L0
,M9R 3N3
,M5P 1B1
,M8Y 1P7
,M4L 2C2
,M6R 1B6
,M4M 3C9
,M8Y 1W5
,M1R 5G2
,M9R 4A3
,M4E 1H8
,M6M 1T9
,M6S
,M1M 1P2
,M6J 1X2
,M3J 3K4
,M3M 2W9
,M2N 3H5
,M6N
,M4C 1E2
,M6S
,M4S 2L5
,M8V 1M6
,M3H 2K2
,M9P 3N3
,M8V 1Y7
,M2J 3H9
,M3N 1C2
,M6H 1Z7
,M8X 1A5
,M3A 2X2
,M2J 2G6
,M8W 2W6
,M4H 1R1
,M3A 1S5
,M9V 3J4
,M8W 3T7
,M8Z 2Y1
,M4G 3W3
,N2E 4K6
,M2R 1Z3
,M8V 2Z3
,M4K 1B9
,M9A 1L9
,M1J 1A8
,M4R 2B5
,M1H 1B3
,M3J 1P5
,M9B 0E4
,M8W 1N4
,M6K 1B6
,M1R 2S3
,M5A 1X6
,
,M9V 1J5
,M4K 1P3
,M6M 3P1
,M4W 2L7
,M8V 3X7
,M3J 1T9
,M9W 0C6
,M1G 1P1
,M1L 2T3
,M3C 1J3
,M8Y 1J2
,M6N
,M9W 4C9
,M6J 2L1
,M4G 3K2
,M4W 1R1
,M4M 2E9
,M4J 1L7
,K8V 6N6
,K8V 1L8
,L4L 3W4
,L0J 1C0
,L4H 1L3
,L4J 7R8
,L4H 2A2
,L4K 3Z6
,L6A 4B6
,L6A 4G5
,L6A 4P3
,N2L 4S7
,N2J 1P8
,N3A 1T6
,N2L 2Y3
,N2J 3H6
,N2L 5G7
,N2K 3Z4
,N2L 4C7
,N2L 2W8
,N2K 3C6
,N2T 1W5
,N2L 5S7
,N2L 3P2
,N2V 2V3
,N2J 2Z5
,N2V 2W9
,L3C 1M3
,L3C 1M4
,L3C 3C8
,L3B 5V6
,L3C 0C7
,L3C 1Z7
,L3B 5N4
,L3B 3J3
,L3B 4W6
,L3C 5G5
,L1N 2A3
,L1N 2N6
,L1N 2H0
,L1N 8X9
,L1R 2P2
,L1N 0J2
,L1P 1V3
,L1R 2P2
,L4A 2S5
,L4A 4V9
,N9A 4E8
,N9B 1H0
,N9B 3A9
,N9C 2P6
,N9C 1B1
,N8S 1X4
,N8Y 2P8
,N8X 1P1
,N8T 1C5
,N8S 1K9
,N9A 4X3
,N9A 5C7
,48207
,N8S 1G8
,N9A 6T3
,N9C 3Z1
,N8S 4V2
,N8S 4S5
,N9A 1N6
,N8R 1J5
,N8S 4R5
,N8Y 1R4
,N9E 1B6
,N9B 2Z8
,N9J 3P1
,N9C 2L7
,N8X 4V2
,N9G 1C3
,N8W 3Y3
,N8R 1Y1
,N9E 1E4
,N4S 6A8
,N4S 6W5
,N4S 5R3
,N4S 1G7
,N4S 7Y3
,N4S 5R3
,N4S 1A6
,N4S 1B8
,N0N 1E0
,J7H 0A1
,J7H 1M9
,J4X 2H5
,J4Y 1V9
,H3X 1A4
,H4W 2X8
,11109
,H4W 2W4
,H4V 1H6
,J5A 2L7
,H9P 1C5
,H9P 1Y5
,J9H 2B8
,J9A 3A1
,K1A 0M8
,J9A 3J8
,J8Y 1B5
,J8L 0W5
,J9J 1N7
,J8Y 2E2
,J9H 0J3
,J9A 0C2
,J8Y 3V3
,J8Z 3J8
,J8X 4J6
,J9J 1N7
,J9H 0C6
,J8Z 1L1
,H3X 3B3
,H7T 1V4
,H7P 0A5
,H7N 5H9
,H7V 2V3
,H7S 1Z3
,H7M 6E1
,H7N 1B3
,H7G 2Y2
,H7A 3K9
,H7L 1L9
,H7V 1B2
,H7V 0B9
,H7T 2Y5
,H7P 5G9
,J4V 3L8
,J4S 1R5
,J4H 2G6
,J4P 2R6
,J7K 1Y4
,J7K 3B5
,J3H 3N7
,J3H 4X8
,H3Z 1A5
,H2K 0C2
,H4X 1Z4
,H3W 2G9
,H4P 1L7
,H3H 2P9
,H3W 1R6
,H4N 1C0
,H3X 2S2
,H3K 1C6
,H3C 6M0
,H3B 2V6
,H2L 5C1
,H8N 1X2
,H3C 1H8
,H2X 3P2
,H3G 1Y2
,H4A 1Z8
,H2B 2L4
,H3R 2B3
,H3T 2B2
,H4N 2P6
,H2V 3E6
,H3A 2B7
,H3C 0T6
,H3J 1T4
,H4M 2L4
,H1N 1G8
,H1Z 4N4
,H4B 2K1
,H3S 1Z2
,H8S 4M1
,H3W 2J2
,H3Z 1G1
,H2J 2K6
,H2W 1S4
,H2V 1V7
,H3S 1H3
,H2T 2R4
,H4A 2H5
,H2L 4G8
,H4G 1M3
,H2K 3B8
,H3L 2K1
,H2X 1N7
,H3T 1A8
,H1X 2B8
,H2V 4B5
,H3T 1J2
,H3X 2B8
,H4N 2V4
,H4H 1X7
,H4R 1B7
,H4L 5N1
,H3Y 1N8
,H4L 5K3
,H2L 3H4
,H1T 2L7
,H3L 3T3
,H4C 1S9
,H4C 1P5
,H1N 2Z7
,H2W 1E5
,H1G 5W2
,H1G 6K8
,H2H 2L9
,H1Z 3E7
,H8Y 3M8
,H4P 1A1
,H3K 1W7
,H3Y 1H3
,H1W 2L9
,H3P 2H4
,H3E 2A5
,H3Y 1Y2
,H1Y 2G3
,H1G 5X3
,H1T 2H2
,H1L 2M4
,H3R 1K2
,H1R 2S4
,H1R 2B7
,H2A 2K8
,H1H 5G7
,H4R 1Y8
,H9W 5L5
,H8N 1T7
,H3W 2Z1
,H1S 1H9
,H8S 1X8
,H3E 1X2
,H3T 1L7
,H3N 1X1
,H9K 1M8
,H8S 1W4
,H4R 1A1
,H4N 2P1
,H4C 2S3
,H9R 3J2
,H1Y 1G5
,H1G 3C9
,H2T 2J1
,H3E 1H2
,H1B 3C7
,H3E 1B4
,
,
,H9R 5M3
,H9S 4R5
,H9R 2V4
,H9B 2L3
,H9R 1E9
,H9R 1C2
,G1S 2M4
,G1C 2H8
,G1X 3Z6
,G1M 2S6
,G1S 4M1
,G2C 1P1
,G1N 4C2
,G2K 2L2
,G1S 1E7
,G3A 1B3
,G1L 3J6
,G1R 1R1
,G1X 4Y6
,G2K 2J6
,G1H 7M4
,G1V 0J6
,H1W 2C2
,G7X 2W5
,J5A 1G7
,J2S 4W7
,J5L 2P7
,J1E 4K1
,J6V 0E1
,J5Z 1X7
,J3X 1E4
,J3X 1P5
,J7V 0T5
,S0H 0B0
,S9V 1Y5
,S9V 1K7
,S9V 0W8
,S9V 1V9
,S9V 1W5
,S9V 2J1
,S6J 0A5
,S6J 0A5
,S6H 0B7
,S6J 1E1
,S6H 5V3
,S9A 1K6
,S0G 3Z0
,S6V 5H8
,S6V 4B2
,S6W 1A2
,S6V 2K2
,S6V 0X9
,S6V 6H4
,S6V 6H4
,S6V 7S4
,S4N 7L2
,S4P 4K1
,S4R 8C5
,S4R 3J0
,S4X 4J7
,S4T 7T9
,S4V 3T7
,S4S 6W2
,S4V 1A3
,S4P 4K6
,S4X 4J7
,S4X 3E2
,S4R 8C5
,S4P 4L3
,S4W 0N9
,S4W 0N9
,S4T 7T1
,S4P 0P8
,S4N 4N0
,S4S 6B4
,S4R 2R7
,S4W 0B8
,S4V 0Y0
,S4W 1B3
,S4S 6W1
,S4S 0X4
,S4T 1P2
,S4P 1E5
,S4N 7L2
,S4T 0H8
,S4X 0P9
,S4N 0V6
,S4R 8P2
,S4N 2G2
,S4W 0N9
,S4R 3C1
,S4S 3R2
,S4T 0H8
,S4T 3B5
,S4X 0P9
,S4X 4J7
,S4W 1B7
,S4X 3E2
,S4X 1G3
,S4R 7M2
,S4R 7M2
,S7M 0S9
,S7V 0Z2
,S7M 4M3
,S7K 3J8
,S7M 0V3
,S7M 5N5
,S7N 1A1
,S7L 3Z1
,S7K 6Y2
,S7L 4V8
,S7M 4A9
,S7N 0W1
,S7R 0L5
,S7T 0W7
,S7V 1J2
,S7N 1X6
,S7L 0Y6
,S7J 2E7
,S7N 2E7
,S7H 2L3
,S7H 3V8
,S7L 4R9
,S7K 0R7
,S7T 0W7
,S7L 0G2
,S7L 0N6
,S7W 0E1
,S7K 2H7
,S7N 0E4
,S7K 2V5
,S7L 3H7
,S7N 1X6
,S7W 0M8
,S7H 3T8
,S7M 0V3
,S7V 0X3
,S7W 0Y2
,S7V 0S7
,S7N 0W8
,S7K 2E1
,S7H 5H1
,S7M 1P1
,S7M 2S3
,S7H 2R2
,S7H 4C6
,S7L 4R6
,S7V 1P9
,S7M 4R4
,S7L 7C9
,S7V 0K1
,S7S 1P2
,S7L 6V3
,S7V 1E1
,S7M 2M5
,S7S 1H5
,S7P 0C9
,S7H 0M2
,S7J 0K7
,S7T 0J5
,S7W 0J4
,S7V 0E6
,S7H 2C7
,S7H 0E3
,S7J 1L3
,S9H 3T9
,S9H 0N3
,S9H 3T1
,S0K 4S5
,S0K 0A1
,S3N 0P3
,S3N 2T2
,S3N 0M2
,S3N 3T7
,S3N 1C6
,S3N 0H8
